month,avg_ozone
4,10.648145251396649
5,11.27027027027027
6,12.077777777777778
7,15.1
8,14.071428571428571
9,11.28888888888889
10,8.531073446327683
